id, entr x, entr y, exit x, exit y, 
0, 6.419528705161054, 117.26496254845931, 56.56545495924578, 79.60839730150073, 
1, 160.3522838448399, 207.31913845262693, 32.42895843353283, 166.42067174927624, 
2, 46.99987151914432, 149.98973268540487, 298.0122219174358, 119.60974825860283, 
3, 128.2784363283512, 236.40976877148256, 16.742589734291485, 65.45737641439914, 
4, 9.305799590970434, 146.2314903633976, 19.306806791526746, 112.43491867192047, 
5, 312.1659656144216, 139.05180374567385, 327.7237388541902, 117.73248887515497, 
6, 343.30676951530313, 145.14002953820167, 1.6010160232760953, 206.52331472134586, 
7, 316.0091888206702, 53.793872616540234, 35.335993715761205, 84.91480842204575, 
8, 332.4273754785762, 110.40621063390398, 23.086068889475165, 177.6253040658133, 
9, 30.040781601840912, 100.76353549597629, 8.12619944030664, 47.840171593797244, 
10, 346.6541594274592, 90.5216765814328, 35.517874983554236, 77.49677809268846, 
11, 137.99394895654441, 206.91872641537762, 351.42586369186637, 91.829119795136, 
12, 155.38882634471713, 234.2001839806605, 13.34132722699415, 180.82822337366758, 
13, 136.70015476472096, 196.09353943919294, 58.15311554405426, 228.32194413792644, 
14, 176.47568136104917, 194.43589021848285, 7.627795381140288, 112.0639400499703, 
15, 348.11953406018125, 113.55980806105174, 324.13167985421603, 95.9099809643262, 
16, 139.96755487166226, 212.08361762369734, 11.131314364259673, 101.48554966771354, 
17, 170.22950742132906, 190.04767799522403, 314.48977507114074, 91.0934237056942, 
18, 339.8184485308934, 104.43169225761943, 6.917790107500916, 139.0715907344284, 
19, 343.89166373351935, 70.29037369154733, 287.51950722888535, 38.06338855585352, 
20, 325.8021290396115, 83.03212345823003, 35.22201291044982, 113.21527081777218, 
21, 172.02827742749082, 245.82472986299865, 334.0192614074874, 127.94851323516585, 
22, 75.13467849430953, 242.0234390270243, 22.950201118545976, 155.77935278325577, 
23, 37.21485161286421, 119.40002365859905, 53.286197280473665, 169.40772674835642, 
24, 152.45944767038688, 229.53540635522927, 22.258418917729728, 196.67448536172617, 
25, 327.91405549709873, 107.47628050332479, 46.76311829958189, 84.71303962369753, 
26, 8.01792954431261, 77.79766255647007, 44.02371117053244, 215.1672806381135, 
27, 162.55820600186948, 198.44332500616906, 344.4317839874703, 46.151701283106426, 
28, 1.227845707538207, 109.43500415671959, 13.984926820137144, 147.64403478265817, 
29, 38.53446503220715, 91.20240604987082, 323.5689112064261, 128.928211311694, 
30, 0.3009536019788541, 73.16527854630716, 320.1547545520095, 132.33880405383567, 
31, 55.688949753749185, 82.56805300308972, 291.96320267451875, 90.710577619637, 
32, 168.25879475942548, 247.61446183928692, 32.638469736177655, 93.9653864179314, 
33, 20.025822681828785, 111.4698216433295, 346.67447549737705, 105.30077471475317, 
34, 350.46092500886346, 100.08354629451429, 313.60197507179487, 99.60325415302131, 
35, 149.2867782541396, 211.881743372926, 38.42634722480311, 176.8033012902633, 
36, 24.630786275679686, 66.94855860983131, 300.21049192146154, 147.30925831660238, 
37, 121.52479517207587, 189.63996542601853, 24.349532711735648, 84.58863367607545, 
38, 5.7022840055008235, 117.11904530101243, 334.5115516128465, 92.97658133710475, 
39, 15.862908943098487, 84.7271229251118, 29.335811017061474, 180.41910361716995, 
40, 119.67830459477437, 227.09423885958364, 38.430801359929134, 124.99979461766719, 
41, 14.70133312810168, 112.03699866761082, 313.7721933274817, 98.54065677197438, 
42, 305.5053164148682, 88.71551260469457, 0.7818076815848052, 115.59912688815555, 
43, 183.88606756486047, 210.04629678124812, 1.3712973903979595, 137.90847467959094, 
44, 325.23143754543185, 94.8199097382566, 15.894739456527418, 183.80204859223957, 
45, 343.308285784613, 78.23005009797467, 6.648438740934909, 108.93913039043666, 
46, 185.07111850250607, 228.39611803513282, 6.718324506845602, 88.96073311217711, 
47, 139.56306625287414, 192.5625836307439, 13.403029629018093, 158.72746796160774, 
48, 336.6055195719751, 75.70674729966181, 30.603033284440183, 61.338420850707045, 
49, 266.1997032522753, 60.91433349339301, 52.131287931850125, 203.91698143399583, 
50, 339.7968099224075, 71.10742141570873, 42.22401868883059, 104.44758467804172, 
51, 123.86188607326335, 192.87859851346388, 31.68012170458119, 77.8639664483108, 
52, 156.72560182940617, 233.12294659114707, 46.11872875823151, 227.36524356722427, 
53, 26.260725609576223, 126.91680270911678, 334.8891407147791, 125.32930174640715, 
54, 288.4135787178294, 100.70747963984932, 13.593837385792224, 79.84225870132298, 
55, 317.73039248233584, 75.97886647818177, 348.3313992761874, 71.92514675894851, 
56, 164.16363289545532, 223.6576111500261, 335.9464009970884, 60.877453175892285, 
57, 344.59141183815694, 113.84892467031959, 298.1234339967525, 92.62594478949704, 
58, 131.08766177798128, 227.53785143491916, 25.70472424663868, 208.2802501987382, 
59, 169.26682636158358, 216.73900665541683, 347.9876670769489, 137.73278151169632, 
60, 125.0287800976158, 201.49658023151216, 332.01037335003457, 134.5057203178689, 
61, 39.75726701819302, 137.05949621961028, 1.4726303369146576, 112.42469786140904, 
62, 121.34998933731391, 221.17665236646235, 339.0419378723025, 118.33793500928505, 
63, 142.4804030880993, 203.4847851505752, 10.979822379980721, 219.1186894159426, 
64, 141.48269140305175, 188.42067719787116, 1.6388544027209875, 170.35915896034933, 
65, 203.73936337168217, 217.74390375835623, 6.492457434704203, 81.41499769517972, 
66, 302.7357020509828, 95.76411776051197, 23.999668579058543, 79.79041701755807, 
67, 148.45904869569463, 184.1816127516473, 7.421752500589937, 78.46837313955602, 
68, 17.472603130398614, 157.52608903711993, 54.744809796474144, 231.88510421440475, 
69, 150.03677500613526, 200.8323786365775, 7.747313530242679, 109.79084632028058, 
70, 139.9912796246644, 183.19192678833775, 27.8762420063972, 64.08661906067107, 
71, 178.6315543254806, 228.662361050169, 9.887873130011382, 171.92706471402585, 
72, 334.4196812134573, 61.71524003349839, 304.1353845350472, 83.12889181642973, 
73, 27.893507222363564, 93.52168408117525, 36.14493061764827, 64.47249784792606, 
74, 335.8180571075938, 104.60360123396626, 38.351546345207474, 112.27828433322995, 
75, 23.46303744322196, 115.74136142482935, 348.4431364480777, 105.45959065999627, 
76, 167.60277555353954, 182.6080120935746, 12.276361230436539, 77.02259969334348, 
77, 168.7986646919299, 234.07474296465318, 33.55817459500745, 124.93611991827275, 
78, 313.9294171250793, 51.71653754522437, 53.662435114564715, 147.69422200048945, 
79, 157.15031317445295, 244.46418243615108, 46.26045832900755, 204.37231973568836, 
80, 154.7862718005978, 242.01277997942776, 51.43366202534873, 84.8349243840574, 
81, 332.3051269506298, 100.17343262349831, 15.396697995906546, 223.96322972461664, 
82, 6.130616880730045, 114.71878104591534, 26.198174466947602, 214.10286636789655, 
83, 8.105798203494471, 166.51863378049376, 51.470793159844405, 124.09299226956064, 
84, 53.1013086491916, 117.00393020918058, 9.13368780505764, 178.6255714334292, 
85, 32.576152183062945, 38.508070820261096, 87.64054080856098, 162.52639444695959, 
86, 22.09727559585514, 109.21055217611654, 30.720381772855333, 154.61472811849325, 
87, 168.849786674462, 246.63288730244986, 23.05032764785454, 73.80225491790254, 
88, 2.458863857227483, 102.44388040525142, 27.282919062560172, 234.08644871682233, 
89, 323.14671882288786, 125.48728725346908, 31.129365292407112, 193.82881782933745, 
90, 330.29975541504723, 75.58479475676208, 18.899405278490296, 144.28764262050615, 
91, 150.63464011016148, 235.25979410763532, 24.1123924627067, 208.28255146993456, 
92, 316.1035983129595, 64.4476602781721, 46.404136981125475, 167.21986128818793, 
93, 10.128350385800257, 165.49062015050146, 58.24429768283072, 160.379999187518, 
94, 149.10643166129566, 228.4003935665498, 296.7045741151225, 111.16445872068728, 
95, 102.69095266706645, 215.55467140742468, 17.83402575241415, 190.01855686258156, 
96, 30.42076529756728, 90.72436016749633, 319.796729306167, 117.56246167974975, 
97, 317.77877100812975, 58.77260631694932, 10.775220129700743, 86.6617037376241, 
98, 323.7832335266128, 85.29990408047605, 340.5078608408639, 75.53021357789035, 
99, 9.258732864157484, 125.00084398354132, 303.52907570298316, 172.1312396017663, 
100, 322.59395459432744, 102.36522293231432, 302.67564065194904, 111.68575764505283, 
101, 52.874653843551464, 103.6752894422602, 331.76259249052066, 94.8385068329077, 
102, 36.03440086145474, 91.21560028876527, 348.8520753661828, 97.05980087042626, 
103, 317.27244549358375, 88.03121139471216, 318.3583401858262, 84.94370937296367, 
104, 14.639541589220087, 141.7286328919482, 31.697602040942108, 71.66934543850701, 
105, 302.92647631979975, 68.2060871089134, 21.36113607654474, 118.03477918740268, 
106, 341.83033883084244, 120.43355222732227, 333.5804321668376, 44.01864886680701, 
107, 208.01999598200746, 222.92727180388604, 1.6915331037213939, 94.16157222472432, 
108, 3.576260751583775, 118.13483127236994, 333.758866453938, 87.50076187487421, 
109, 133.92618616617773, 223.75288067515322, 303.1557637366108, 117.46763294486485, 
110, 47.319480358961435, 143.73396924750713, 11.449393245953566, 173.32709157341824, 
111, 168.3106002438719, 210.61943998098317, 34.131396336085494, 213.93762657091085, 
112, 2.9495042532445126, 144.95652925889263, 14.572645490606833, 45.06609066263847, 
113, 171.26326708808597, 199.02189523501815, 340.0111293821303, 105.86247696823293, 
114, 8.60794720993613, 111.02320420745558, 41.605347296237575, 101.62029020180704, 
115, 124.21293849211855, 184.25021853286378, 317.67207442917095, 83.86613550911471, 
116, 18.90016781654113, 79.67346228173736, 21.669565823613297, 219.45682644314613, 
117, 13.0389816809542, 146.08511862572323, 340.55649962928936, 92.27715270400986, 
118, 152.06527580390502, 199.46163707451183, 314.4546131397498, 81.4291350941684, 
119, 286.511497865332, 63.394774943178795, 332.56049956521224, 79.36713195392667, 
120, 290.7717318181137, 123.24880345990366, 6.682144198315417, 202.14130574511634, 
121, 324.7568744406743, 81.0175832680407, 339.2421303984143, 58.9537811603027, 
122, 155.99667764738197, 223.9739668531411, 330.79533670945267, 130.4549234248495, 
123, 326.1611416816708, 88.94990033633788, 341.27454263926654, 140.67898046150884, 
124, 168.29147317575982, 218.36279062138792, 345.74309562328244, 80.5635951530888, 
125, 339.16131310018983, 94.1926594616706, 49.56768585174064, 175.81154935785455, 
126, 153.91190642365748, 214.59140054260683, 2.7085910263401, 84.32743387049996, 
127, 294.5967183292114, 106.25458827824036, 332.2751146227649, 137.11616076999042, 
128, 152.62267912713781, 223.3478230653869, 4.332726947134751, 70.40896510395376, 
129, 113.83555274910265, 180.43285895493028, 56.10554336116901, 249.37202915638477, 
130, 17.868942327830453, 122.42216385983197, 325.2831187029032, 112.21096913290297, 
131, 80.56602136431417, 248.79334936951997, 21.306305061720217, 197.3294065941598, 
132, 314.8273918429031, 109.95759394331326, 299.0468964124438, 77.25336310254566, 
133, 148.87216740766664, 221.97804309823837, 15.979912312855255, 89.57371984318054, 
134, 155.2462369480764, 188.9843850110943, 326.07359235451247, 103.26495503909716, 
135, 146.09940272506782, 246.22732969800026, 40.14865642077537, 63.083983382885464, 
136, 190.2130538987181, 205.9605312599195, 12.495664944191285, 142.4714302002689, 
137, 173.16395752417742, 233.9520470154666, 56.51149184851479, 162.34044998295747, 
138, 160.76927837364104, 216.2527102066715, 23.03624773877817, 67.51009578000696, 
139, 328.63445985114697, 66.0110725672154, 345.32142301606183, 96.33212687487553, 
140, 127.5907569361955, 170.9316997714812, 314.5089841801092, 39.45624655762343, 
141, 348.40409028387836, 64.37824506529972, 65.64383096893769, 177.11165314235802, 
142, 350.9824745347721, 61.40761022436131, 299.57700291941893, 84.94362927087377, 
143, 162.63467346443358, 228.9812289128364, 46.97073872557755, 174.2517439732604, 
144, 328.6552259911609, 87.49677240306157, 292.5397323346441, 143.29141669480956, 
145, 134.6843565281266, 199.42929189264296, 308.74347119884885, 114.48857060631718, 
146, 148.45641746355247, 208.82909365843446, 322.32780640093125, 133.97392206568267, 
147, 329.8510212128707, 125.42277483802067, 3.6617809956586136, 243.95574907020688, 
148, 348.17560392214193, 90.64299988667888, 29.57398388159762, 170.20886968072975, 
149, 342.3810116909903, 62.84086195803624, 36.0551270743818, 157.6301402872855, 
150, 311.68317190578523, 62.31757807311344, 24.95060083738637, 107.50061495649132, 
151, 193.51573614738328, 212.66287362776558, 26.616068018747274, 102.88976837422244, 
152, 298.0500367954151, 75.32413075586656, 344.2336733903271, 112.71379446008063, 
153, 349.7718705473104, 120.85386084534872, 23.64627014544839, 127.40970193849348, 
154, 336.08506767709383, 85.89441758681515, 25.790414300897744, 74.64581412392525, 
155, 347.2387944559423, 68.01016250823776, 0.12292193860199241, 80.21077524672656, 
156, 177.4575885183128, 216.55402053509766, 30.575428828777284, 84.25755510751688, 
157, 333.734490100122, 123.01722586107503, 16.85064229551508, 108.32190022131094, 
158, 298.442796230008, 109.55370142210668, 16.63301887531245, 124.60412331932675, 
159, 337.7636645260154, 87.07791172887333, 40.59448665419711, 239.75856253970107, 
160, 118.68516646241702, 205.3419993697217, 12.102957193345675, 144.9270171966936, 
161, 181.51422112605374, 217.49016241496585, 5.0370230882473805, 237.64714380769234, 
162, 350.4582400819044, 84.43886456226576, 342.7028380004562, 92.69055078289568, 
163, 331.3469382559011, 136.14514343648818, 335.4548723319939, 95.27307093165408, 
164, 31.381506822248248, 141.37410165982476, 326.4886570985396, 67.44951973808898, 
165, 346.27931381622597, 63.25443626132202, 344.09730901331864, 124.14125406191707, 
166, 160.87019894327895, 233.50236151312015, 26.66892394680217, 172.66251043763853, 
167, 29.508044931535544, 140.99871354198712, 347.7298710165404, 67.92639236284049, 
168, 16.4559543551514, 140.15964741717576, 6.419794523223182, 159.93741464262393, 
169, 8.39184689002661, 88.54922726985778, 339.6014423000725, 72.40550083138336, 
170, 7.318109776925457, 74.04010325888164, 20.639729772373265, 77.19604005572944, 
171, 142.48803036036443, 211.12428172361564, 323.6658149858202, 109.62223717172091, 
172, 155.429490815957, 221.95527952730382, 44.15544437237941, 188.7107272184518, 
173, 104.79640183754371, 230.28335607244023, 24.015130043326902, 98.66874330164933, 
174, 324.7542945288183, 104.47005354228783, 31.263100646623506, 150.3856687258089, 
175, 34.76095668539012, 55.81690967355096, 26.51700272734231, 116.41626635840662, 
176, 348.65948935954947, 85.64018733972037, 36.55706411470061, 81.57317319099542, 
177, 46.23389905186201, 120.03259370689284, 72.48897710518452, 191.23568889075105, 
178, 115.48923119231827, 206.60213595834597, 340.1784437488331, 129.71254740309462, 
179, 331.4606400449, 98.60631545252176, 35.81590118147183, 70.53580324211308, 
180, 156.03009910547382, 248.19459075319506, 310.5395785584617, 116.24302154901324, 
181, 351.9842343130574, 81.59207765775894, 16.656812207629592, 123.97874625493414, 
182, 142.7089503412039, 176.47442979102746, 292.47959502186654, 103.08736292120058, 
183, 341.7425653019999, 130.56425380604477, 318.2784935792094, 66.92382601787011, 
184, 339.89162685115866, 74.31611064253335, 339.13804941308564, 114.80206508440655, 
185, 12.548829083019491, 99.01678957137263, 349.2292247945082, 95.7174523129398, 
186, 172.9305385528964, 218.5739283084453, 12.979794166720287, 74.29758280078472, 
187, 327.7458958871574, 64.01861518398529, 10.127825095324157, 184.68846367506234, 
188, 291.86870778423946, 108.7596501335098, 39.574119048020975, 90.71728409926246, 
189, 68.57861937159855, 130.61198717476034, 331.37250290643817, 110.4865648019854, 
190, 14.870538148718298, 160.3038352642611, 336.01976585820563, 101.34920749388569, 
191, 197.62659101400044, 219.63056950850387, 15.618468943892681, 57.45379081954375, 
192, 1.2746757738219445, 65.09990484175059, 45.69680396732838, 191.45221909636186, 
193, 18.410638278890737, 79.51498023539514, 340.4976264897088, 131.04591112319275, 
194, 333.12410479704187, 89.65150654466231, 351.22315618276764, 109.39909817790944, 
195, 315.55743442382766, 91.38636657974952, 35.75900042432935, 80.99996421772977, 
196, 147.87210993701487, 205.89247416744598, 345.3934359711534, 127.26293338029363, 
197, 133.0101739363964, 205.89205225793776, 2.7718992196528376, 157.8611818269782, 
198, 59.3515038729617, 99.33085559932489, 15.46993918351522, 125.00597410623897, 
199, 37.85460076235048, 111.31261041232165, 18.780911594861237, 176.2443563092349, 
200, 119.90662019500552, 230.4260875741901, 36.023666746372186, 121.23439770388137, 
201, 20.31222731599116, 109.44740363531568, 313.27894740694677, 88.21741905760801, 
202, 344.1814328116698, 87.92809743352498, 320.7242619019095, 86.31771378626533, 
203, 7.766898246310685, 112.97584003116913, 14.158940251719219, 200.40635050926025, 
204, 30.895819039683275, 104.12231328781934, 22.78683867002299, 78.68709884535997, 
205, 161.43274116802027, 244.05854362035862, 23.64269664833995, 163.10518802591992, 
206, 269.00801589193463, 60.58495632268202, 66.61335914828231, 181.65593765701755, 
207, 351.5842001705325, 111.16511920771514, 304.35566832094696, 97.93754725516091, 
208, 145.66340257317802, 207.24926150610958, 328.670792175434, 102.52591828871377, 
209, 32.56170298050984, 100.31013134411631, 4.863518394107765, 128.8310283992053, 
210, 57.89780770626736, 116.75233306719817, 3.4525076738155214, 157.92305829610737, 
211, 30.587991459532866, 86.88115648405326, 326.7747810347476, 64.1531911092682, 
212, 17.987609989275256, 103.3858295766566, 23.27374599615301, 125.80751618220228, 
213, 32.752210438139734, 103.21606979255755, 2.9586709342194837, 102.96629825165607, 
214, 307.168554163149, 96.75664798905075, 335.26691957551213, 91.92041451364581, 
215, 11.443124192871391, 121.57384199383235, 78.2304640293719, 179.75463171853497, 
216, 135.26927533724626, 208.78837484489853, 326.5806401546781, 114.27739864712285, 
217, 46.36211361228422, 55.25037437466169, 63.71546697057092, 93.50567535716594, 
218, 32.735520173144025, 109.18878103462977, 44.99273602550749, 182.35421249721247, 
219, 6.74044981807633, 141.18993099516786, 324.5141222536579, 67.59281748032782, 
220, 22.026621911318962, 92.60530075467335, 38.90467738354236, 231.28657628274306, 
221, 336.98956683968447, 97.35387714927006, 36.92476398538375, 92.16110555230426, 
222, 293.91929373209194, 132.93848467814763, 325.00356829659216, 75.91392579184624, 
223, 162.01061240294467, 195.79534840232236, 299.56405975241194, 96.4656393014488, 
224, 277.6951532121746, 53.456374762625366, 6.711935389905214, 202.5546151992273, 
225, 2.966555213672386, 85.04524142974817, 68.73688057022667, 189.52388245774, 
226, 32.29620935285759, 115.49912459503155, 340.82124083243195, 83.66990468422368, 
227, 141.39508858831547, 213.68223319895984, 62.08816057450434, 133.92122719078503, 
228, 330.2198165027459, 55.070630279855145, 29.6326401334587, 172.6621799309822, 
229, 33.46844960264348, 163.02232998003643, 341.7993799738948, 93.44318175112345, 
230, 23.414770415373525, 101.79253111055013, 26.241509496056423, 211.94487355657105, 
231, 2.299915726215491, 127.06140989490987, 37.7247986250762, 172.94902600398933, 
232, 150.78168867568922, 217.6971971327011, 304.2613411030865, 77.16709153123466, 
233, 37.808289119578, 133.99046480092053, 68.2614744574561, 206.10526600987043, 
234, 6.236483569188184, 132.504317792895, 9.058831612270554, 61.43374091225527, 
235, 164.92266203119885, 195.3178326635587, 50.299189549947414, 203.596819130713, 
236, 34.72338731487135, 105.19282481099988, 340.10844812945317, 91.5581686927255, 
237, 112.92791606064894, 187.26469634172463, 48.060972754609836, 199.22514730988416, 
238, 13.435653556343821, 96.95547659479345, 330.64603439865675, 75.09220007269647, 
239, 152.81393827266135, 203.61137426289105, 311.8054797568692, 46.3450697000868, 
240, 309.5427642168813, 102.31533382601975, 56.66080034669612, 193.79962987340053, 
241, 169.21926610998688, 209.466810316883, 2.1956276396801577, 187.5659629182126, 
242, 159.60808513028113, 245.24279637029287, 15.848939429351006, 65.84053768729596, 
243, 137.99377412512686, 243.40268875274245, 295.1978784490398, 141.6396575621702, 
244, 302.8810442479392, 87.453252280273, 333.80974802521246, 59.19460288036036, 
245, 5.723649711464692, 135.32699698899305, 56.87566086458744, 208.75979222119577, 
246, 283.9705888774391, 42.02883490603754, 320.2263232641404, 100.30867134548106, 
247, 337.4378903319555, 96.09064411522797, 7.253587543595394, 105.25284767207813, 
248, 25.76426125777275, 89.31235756223558, 3.7164420041668222, 170.39879652631933, 
249, 166.64917865173845, 156.63613844789427, 14.115522335491258, 81.8474544709661, 
250, 12.912663449134389, 112.8045259050069, 12.499711684671484, 90.39885927875936, 
251, 308.45246451990386, 55.22574073896969, 36.457888480641486, 228.16980184800806, 
252, 131.15738834548497, 223.4422456475837, 37.9868583802123, 179.7826321020479, 
253, 27.884892391583456, 128.68518528387295, 38.3149603768875, 205.15980200377783, 
254, 17.794502767033958, 116.48088833838966, 10.09988778609972, 91.0634445709982, 
255, 175.53061857917908, 237.71738182776068, 49.6916304503278, 135.59374705473954, 
256, 10.497367077906901, 101.68692388074227, 336.14542011626673, 71.86606394421169, 
257, 194.03165318549657, 238.85239159140608, 15.024918301128027, 74.69205204933706, 
258, 189.6940380936342, 203.91855995528152, 305.0280522623398, 91.10238910433384, 
259, 339.6458660904195, 66.4872563222598, 17.00079830231828, 150.97941661987593, 
260, 123.01642084937512, 217.1443612137455, 4.659794107015457, 121.45601556009039, 
261, 29.539642801244895, 107.13231615748403, 320.5007869970164, 98.04390942983517, 
262, 36.40867114164496, 101.14460496638658, 324.9725131151536, 146.07910366582948, 
263, 13.098214311314667, 109.40803389802993, 23.914538973097997, 212.58888729671844, 
264, 340.54516597883634, 133.835884045392, 2.583746612987979, 98.03808354402616, 
265, 32.6812991943437, 103.12474767272914, 1.4313495773936689, 123.74198604839725, 
266, 48.81926886043709, 100.53568420808072, 25.60321374872498, 201.88592409825722, 
267, 131.90178239853495, 192.00929415798865, 38.503540555292346, 205.93716989762243, 
268, 29.36299556219666, 108.47313972954075, 18.94995808237746, 104.94449083631493, 
269, 18.568310750306704, 106.14394298670115, 344.84753977367893, 93.75573545060278, 
270, 351.88250769230734, 117.10379415562416, 25.931147910409255, 98.20222310914647, 
271, 151.3792838695058, 227.47443640297544, 10.103376816912288, 214.08492106140167, 
272, 304.336961926935, 63.66560081108129, 349.1607907018632, 70.40804952395062, 
273, 111.29364192877394, 233.2993659751798, 324.2105828101027, 85.52201412847161, 
274, 328.07821179936, 101.64143308675068, 81.03651782909908, 84.1534521154328, 
275, 105.06360489082756, 193.41417654613483, 12.451796044026356, 196.09426115761536, 
276, 169.11243632583833, 213.29068161976548, 341.88374449537855, 112.6856499582123, 
277, 149.01830022405116, 196.2766797287559, 345.36498529418424, 44.3580118384685, 
278, 311.10985671538765, 91.54167912178826, 46.762063431326, 172.8899492752297, 
279, 7.293959866884219, 149.83356804123414, 338.61283080511, 148.74232693787832, 
280, 1.2721388807072804, 101.16333346140769, 321.26685753355866, 119.14951651277379, 
281, 341.9457041962467, 90.44377006055463, 8.207017806929244, 177.42641513737556, 
282, 32.40996358881149, 93.85898517245151, 31.73679396396015, 211.7157333266435, 
283, 146.79395064930745, 213.2057108377326, 51.084182030994825, 130.01815597088307, 
284, 145.79464443082315, 229.44775254346186, 28.60535775351808, 181.13023383125247, 
285, 10.237374541252269, 119.34591940702391, 30.716205092371332, 193.1032274699069, 
286, 9.965763796004703, 65.58212244195116, 21.051500818293015, 226.09356482068355, 
287, 162.46817395779829, 201.55170549396925, 325.38617566633013, 106.00196249467997, 
288, 141.8359755580198, 219.79475294325965, 29.619643482347854, 215.62150004982666, 
289, 21.680973777740384, 104.09425749032127, 11.776101813804623, 190.99297954194284, 
290, 174.0139306114307, 225.64601196506726, 20.196741602781316, 80.10623098899332, 
291, 335.8965070288048, 128.46148310579935, 332.70949207597056, 105.68709657646417, 
292, 170.4465457796249, 225.95500480055097, 2.726940080470998, 54.59487439974921, 
293, 13.166837384313226, 122.87578592230265, 26.335928811154062, 192.8082495192064, 
294, 351.2697132345393, 126.5699084573263, 25.033453624305736, 119.8462805438268, 
295, 345.89258789309963, 76.06784323991927, 320.3812872054385, 117.38412238307774, 
296, 295.3055026778941, 102.70094371849532, 52.84755589619587, 208.40676652392222, 
297, 295.6799089436789, 114.64817046792223, 313.7480149648665, 130.13441373600833, 
298, 24.128002102054168, 129.3888996387831, 16.90993150984751, 175.24941798501345, 
299, 327.1858185508712, 60.69455146648441, 41.84452986066528, 177.31296331681105, 
300, 155.18176867434047, 227.6933143669858, 13.3156233362694, 225.121706786968, 
301, 348.53672193602847, 86.83797109917774, 16.39447721267218, 120.0647199114245, 
302, 17.121740394904652, 131.927949519794, 13.35932621753814, 44.1579162076335, 
303, 317.3828147142639, 79.61048391042083, 48.74074600748537, 202.33462552167882, 
304, 10.289373569247227, 128.6819157202107, 49.84327614151691, 133.2790645021222, 
305, 128.49343870106202, 228.20753237501887, 23.88513170048968, 202.36533795228164, 
306, 135.8625548406336, 231.90078458595286, 22.876198560260853, 115.39811028431255, 
307, 320.68096376628216, 51.52648173506687, 348.6249378442696, 79.51121481675582, 
308, 136.93451459003805, 246.0744398661594, 29.58726200966923, 186.4652375413234, 
309, 28.166579541127152, 115.90732043680723, 27.775632604744256, 76.52217653933653, 
310, 145.91862627917052, 217.83861793222383, 49.94810423311861, 219.59435006234222, 
311, 347.20186623365424, 47.249933724407285, 4.055313708181752, 78.05559351536985, 
312, 28.28514871692114, 132.73597071956917, 63.78608117741446, 207.91466920590756, 
313, 317.56929894612165, 80.49991057655512, 5.370743895169548, 85.59168697002715, 
314, 10.662930559579197, 114.56179744349454, 5.661365042507445, 164.03685318531922, 
315, 317.94096158180974, 51.82649163110479, 22.637622337785245, 233.57597394387267, 
316, 124.70564789736278, 222.12420342594268, 337.2194133531895, 95.66011778407764, 
317, 7.4593399476088145, 104.31736809272063, 16.655084907592713, 108.09244731783407, 
318, 331.9911629998753, 45.14884709877509, 350.9817297149863, 82.18542255826148, 
319, 325.45265461614287, 72.33774442127282, 11.226905062414083, 95.77116293849716, 
320, 173.03520994526454, 231.52036192872077, 348.7593540898709, 75.20020806866937, 
321, 165.56297850762493, 204.22020145632857, 318.4418920247981, 106.92745415408109, 
322, 8.295444291533629, 117.70829676326045, 324.2386036035938, 69.15668870369332, 
323, 108.61639904225805, 223.84111152039165, 27.87895846662381, 235.69170576244247, 
324, 20.3445478158921, 61.25648972488671, 49.79396239744573, 201.36250718105723, 
325, 14.684819378028212, 81.58153378475578, 76.65123756364696, 216.40954361299868, 
326, 182.71671880880447, 219.35503604363782, 12.476603757617063, 77.55824488561501, 
327, 316.6181084715885, 133.03034977021338, 2.685351866550903, 198.12463017720293, 
328, 16.15859222230699, 122.22109586188627, 17.124149263507697, 208.44205240966966, 
329, 150.33099419168835, 216.95137680999306, 8.380381773484295, 187.74694238122086, 
330, 144.82638223606773, 203.04761348034384, 344.8625905080101, 103.6670190115722, 
331, 18.112031231012637, 143.78304890355847, 314.8882594004519, 95.10014511757822, 
332, 16.92901565731722, 120.0010153642717, 322.31752346713597, 137.3498918800854, 
333, 333.30906463712904, 116.29529892071132, 296.72423181733245, 93.78435841264073, 
334, 140.29614518794375, 218.50179993322274, 62.12347499002066, 170.22652773438455, 
335, 190.45135672500564, 199.38977196680412, 0.41912363862241797, 100.76935189751629, 
336, 27.077512343444955, 107.61530313119779, 21.404485307209512, 113.42389733496634, 
337, 113.70236176420632, 229.55506969463235, 12.468631282254483, 67.14201580663958, 
338, 328.96852657354975, 75.78584448113436, 338.60930244014384, 98.58154279131375, 
339, 6.851730825709682, 111.8573234511443, 329.6115047763985, 83.80969536655559, 
340, 318.4783323948982, 72.79272124796262, 34.55525886464561, 88.5642635914503, 
341, 158.2633185808729, 216.36813856988076, 24.942691049185488, 181.3072686735606, 
342, 336.62487282421586, 85.16470923393165, 13.319535899386976, 175.9287175259358, 
343, 171.9181693422613, 174.32721554238705, 22.518896203578176, 180.83838021667594, 
344, 13.583479981440032, 148.77357581972143, 314.4438389923435, 87.37680989039075, 
345, 17.82041516235946, 103.18063941136478, 11.1460776335613, 86.65183232285199, 
346, 326.52295017980447, 97.92765591124447, 311.5539918754974, 87.26944309239556, 
347, 310.56315880496174, 74.10037420302582, 6.941408830216197, 87.00942462315484, 
348, 334.52479221789804, 61.733654085312764, 39.4160615293688, 229.7394239480666, 
349, 25.807368925310886, 117.18654590602776, 5.205787879836912, 220.04768372119415, 
350, 350.85318945816925, 71.24685255681759, 24.533843907065755, 215.10050845656957, 
351, 217.01427101922502, 214.97978715010836, 319.22662544868894, 130.941294634202, 
352, 27.22726405443842, 110.22457276893526, 16.81584907534965, 94.1634029302413, 
353, 145.4061067437502, 240.6154554909617, 318.25114849644524, 60.43105148905802, 
354, 14.487738894826132, 116.8265733495023, 342.63308458495965, 115.4615231542937, 
355, 13.98250492241163, 105.73491147595836, 22.94046965702319, 156.77038046109593, 
356, 5.058324595904603, 163.41808743245522, 31.175598833029753, 140.76920216888334, 
357, 157.97796000215706, 227.68161951263977, 52.340645905411066, 164.22669438969396, 
358, 141.87662604198752, 202.21734100643027, 337.93607261987495, 112.19201192990609, 
359, 18.146219697921456, 139.44563167433964, 46.3121324251847, 239.67639606044435, 
360, 342.9670392732959, 85.0944390115562, 22.38776424347759, 89.01077849191499, 
361, 272.52373137026314, 64.56226534728177, 31.778675803653908, 225.07728269952966, 
362, 337.190437457954, 110.17161716456903, 0.43769524373892743, 74.01424958596199, 
363, 151.6879214293581, 239.4401034475728, 14.183351151142247, 117.97891687770586, 
364, 295.7695756395717, 122.96405230313839, 310.08602808762237, 84.76579985859271, 
365, 22.89906699274495, 129.31184718328825, 309.23928592916343, 107.22785465497505, 
366, 158.47648139856076, 205.25919895122425, 9.514976344492954, 179.17969792645388, 
367, 311.83602338014407, 34.41729836903279, 324.14137173466173, 69.77924195081694, 
368, 143.0794251306528, 248.09763264036098, 347.4715082162861, 69.5345842600035, 
369, 349.66672565070974, 72.4443632061236, 25.245740866999466, 109.869720136526, 
370, 26.4614287276834, 107.09427222715674, 310.39773226694575, 50.53852613603914, 
371, 189.4716298604122, 200.11248624866772, 302.3081146991125, 107.82334550644083, 
372, 166.07636363348232, 234.70562322794842, 28.94782991416864, 76.82800990321405, 
373, 66.59791744209855, 80.49960443196132, 8.909429569087468, 86.99282226304061, 
374, 104.24928623930475, 202.60412201626133, 309.82897861578664, 89.99789703572566, 
375, 155.37413976565233, 222.43048080007296, 326.9568571945563, 103.60787099496565, 
376, 345.08391328700645, 53.76522189882107, 46.21953803153999, 214.13752774048695, 
377, 333.14819003937913, 117.84029201872995, 338.67747441148293, 173.49940429396634, 
378, 32.02147059452047, 114.96819132357552, 51.47096607277848, 203.17635380810393, 
379, 173.40322870777706, 236.95950247101177, 28.728053630478072, 205.98868894887497, 
380, 23.746995518362986, 97.90352975073026, 348.73867792281817, 65.12846966292432, 
381, 31.7544727023148, 114.93045537978256, 46.854553275194945, 104.77546705543189, 
382, 323.9575868763046, 107.44018203355601, 20.668766260460878, 103.02765805604196, 
383, 165.58634023560955, 242.26679203578487, 10.182612501026428, 104.99059785223743, 
384, 17.909159929360047, 124.6643292047987, 36.06478426177233, 108.20009148201358, 
385, 290.56291821013656, 97.56495341808657, 19.347841752755826, 94.0179986271352, 
386, 5.7473261451574, 109.34883073463922, 34.3042073793697, 133.6046681145205, 
387, 13.59813735850775, 97.3627559906098, 4.571565417116911, 76.7317704234626, 
388, 295.39567537084565, 84.83576670901526, 31.7511644013943, 155.3187666837373, 
389, 117.05706642148087, 233.5252054989952, 12.797513227863078, 84.56935941001905, 
390, 21.027878159720885, 175.98387785053956, 17.630308441071854, 235.91196607575554, 
391, 171.7740445542905, 198.05073458660326, 318.8725707992375, 49.33349313044664, 
392, 142.9451030827391, 191.04492037039927, 35.04186393701228, 153.85556220336133, 
393, 32.2376277869882, 121.5556147849481, 25.998600152898888, 44.92255879009686, 
394, 348.5198581925314, 77.97534605258997, 347.4942846634749, 87.11090044562447, 
395, 18.188622400556724, 111.7577889398485, 317.1370491172994, 115.82176170355649, 
396, 138.55898514276186, 229.29527703743733, 344.7602639801566, 112.22998112293861, 
397, 22.519339632509755, 61.548059240410765, 349.76372277986917, 93.10489486540688, 
398, 162.8229211706944, 156.46902980779439, 331.718938820537, 89.42912820772806, 
399, 52.318029672978334, 124.11252767147977, 337.68467144164566, 107.06069307177727, 
400, 113.83947340041678, 208.69124311077272, 322.8814800964096, 63.77772595078912, 
401, 5.67798556032611, 99.5552280149568, 9.349613371481905, 84.52644121520332, 
402, 55.23978116699091, 101.6458335949979, 329.9435899250197, 62.27835308283363, 
403, 204.27912373295413, 236.55185722499266, 47.09427994042633, 97.56797000523711, 
404, 163.08154346720193, 206.56041578604845, 36.066807052276616, 95.26026245832513, 
405, 34.29606082485473, 90.55122388097078, 0.5394436776961804, 182.56838861294685, 
406, 345.1593772431748, 125.07821569934535, 12.767453594680452, 116.38795778740757, 
407, 123.98501924787138, 212.10992191535354, 29.956028896009485, 201.4279074342149, 
408, 338.81694747759474, 82.85414936953156, 308.0120513090609, 97.02413306473515, 
409, 4.040027579498856, 109.35480750775366, 38.45473411203994, 68.49707107671118, 
410, 8.414422374463696, 133.97986820281224, 332.28950959252177, 115.44470951183702, 
411, 154.01652974549432, 196.1838761796153, 53.25226951339556, 194.14255230033484, 
412, 301.99359479680146, 92.36700232245421, 9.555316612912103, 112.58633598956814, 
413, 145.75604265243786, 216.6466804307895, 37.541198636902536, 130.8538756878796, 
414, 322.39061811721695, 97.1397865056159, 307.5923985163645, 96.25545928974712, 
415, 28.317370927559544, 65.46004272213591, 347.7992275659613, 113.10717823232255, 
416, 16.228012631970305, 117.32177051115437, 325.1200407261546, 125.98041940980585, 
417, 320.50143237244157, 93.32542918574718, 22.769715352568284, 113.88557891909308, 
418, 13.876742428784528, 62.460928607360216, 46.67001822373609, 89.17309010516391, 
419, 16.826692541272536, 85.64760651745688, 7.865415896343191, 97.67154151396298, 
420, 8.721359703953969, 107.28747249675156, 330.26047719548865, 86.00989402245398, 
421, 55.688974010664246, 129.65111645688464, 56.41482144289215, 209.71299852070013, 
422, 306.59808548135345, 91.51679758269903, 30.781606740363145, 115.51427020103947, 
423, 7.13330054372126, 113.46791100574364, 6.816795323559624, 85.15088148023555, 
424, 349.912686107044, 98.23237491602389, 306.98266794182086, 101.78096644468928, 
425, 174.63293772349667, 239.17299174152998, 31.499070742205276, 233.2168368344521, 
426, 155.12716563079636, 249.03834508897793, 0.4428860059854589, 88.89263948426266, 
427, 282.52671199512724, 72.25873932649547, 70.81812327239234, 174.81757443623172, 
428, 334.23523742979484, 77.18920053553889, 12.45179111114017, 129.11501166622946, 
429, 181.68529137046642, 232.4874558367165, 331.2184996192019, 81.91081137770402, 
430, 348.1803021863708, 72.59697191691302, 311.2630722302985, 164.78685754619602, 
431, 153.2893491977017, 184.86099881520275, 43.54553818777231, 171.91901309537937, 
432, 344.4678414998002, 110.76614180574926, 334.28591225285527, 127.77878654027464, 
433, 112.96885094506754, 188.18604662419207, 295.6772137903597, 100.0590284969256, 
434, 1.7040659313034299, 87.96269470470942, 7.301371990237534, 158.00571464133537, 
435, 336.8518148541692, 122.1515017100833, 3.8218232239197114, 166.73634478053438, 
436, 153.8667208411583, 246.03920972046456, 34.77727455539652, 220.41119067628787, 
437, 343.15556903191083, 65.05039234988462, 40.06234782046178, 68.64456796601652, 
438, 323.23001435732897, 107.80103746057435, 327.0748071790785, 116.4542434684964, 
439, 259.07858521002186, 104.11130083527605, 311.5118606467253, 90.95093312792793, 
440, 65.7438655996902, 70.64085813503088, 45.05423707019037, 231.1403964911521, 
441, 155.1672627927001, 233.27606267445148, 1.7967136818318394, 116.7946317024261, 
442, 175.2149321715026, 233.18993456935792, 91.70281744537976, 181.10189692619778, 
443, 331.1926498203351, 106.22324668463098, 54.630617724453515, 200.9288415326933, 
444, 18.976158641003256, 37.68518108933375, 33.37846026446571, 65.76658576664332, 
445, 325.509338943264, 88.08958014886458, 35.93322384255843, 207.31701963477744, 
446, 109.02981732194556, 201.66717981040836, 25.550134161297557, 90.47813973576324, 
447, 345.1449903410156, 91.11923802608031, 350.06055085054635, 66.10542377538904, 
448, 324.8227142072044, 110.4741848647015, 8.826563969851936, 146.74726404772528, 
449, 7.596674488781073, 106.96537393162261, 4.153475956145829, 170.75964945085386, 
450, 326.2824483603543, 72.0539860881604, 20.242228760519588, 194.61887610655575, 
451, 321.11423903451833, 109.3207442068592, 303.6842587903066, 77.56428997657612, 
452, 120.1253298682835, 207.4897583173934, 22.295719064742798, 169.74146169112066, 
453, 342.18043483527384, 102.5892481727326, 2.186681287806013, 117.43803783534705, 
454, 330.0254598674242, 101.24584458687394, 31.518097627229515, 121.2841026588236, 
455, 42.12535132217038, 112.13331409444898, 325.6634994732826, 118.64203239421425, 
456, 30.724087172419885, 113.9217976461532, 310.21553630360273, 152.68412912825826, 
457, 322.397661330127, 96.37764050489997, 334.60319832656177, 84.08072947401295, 
458, 322.08322861154227, 102.17645531300457, 11.558396170855497, 93.39769082342679, 
459, 41.14960017700733, 69.3250400446432, 33.24517327252278, 175.55854990438064, 
460, 318.72816035121537, 46.9574192797554, 55.381155235511976, 134.39140565436702, 
461, 345.5606837821707, 82.41434719513259, 315.5690742329355, 63.194917521575604, 
462, 10.864660163588837, 80.07252326490013, 30.63812976678156, 130.85111344867713, 
463, 145.94453881058274, 239.2357544544326, 316.7138400346319, 90.54541828124476, 
464, 327.05219753522897, 107.56447202104944, 48.49882770154462, 218.53587399406598, 
465, 99.70299201888227, 234.7425901393681, 25.773947012587506, 177.5650937815308, 
466, 21.34354443372971, 104.09740152414084, 19.35767084809878, 102.09899067179151, 
467, 315.13343695027885, 70.88996109648934, 319.97340008047985, 50.47793929523593, 
468, 4.233662660465016, 97.12876214916375, 344.04345720731345, 95.37120452212308, 
469, 173.09491400784867, 216.68579963365704, 36.89941320066856, 75.98654592271399, 
470, 196.66707870829066, 238.9367082515351, 306.62330258856997, 98.6741560147256, 
471, 349.81405578565307, 79.02208512335287, 58.18881460398592, 205.4345048339758, 
472, 317.670187244414, 50.751674794462694, 298.15401228701137, 124.45932740122021, 
473, 326.22259156223106, 102.3187841714304, 48.434927409204136, 208.16539034788144, 
474, 333.31615838542893, 114.49515737334437, 49.016211953452334, 198.52765453907395, 
475, 276.06089102001613, 115.873113987257, 64.27379535080318, 177.85546678635973, 
476, 20.578258232965176, 113.97739410981134, 314.3525693385669, 125.11520059275895, 
477, 144.0175852214414, 213.8301610552812, 29.30833973354578, 112.65679667359413, 
478, 192.80763053358243, 200.19712448587126, 305.19014659972953, 125.65681036568135, 
479, 326.7445326804918, 122.55454720982846, 58.19324205357615, 110.19208039356641, 
480, 320.981856895245, 59.642210156944316, 18.789091416927224, 204.21964356608677, 
481, 297.2138031135492, 88.08055541107889, 28.71021111598973, 182.0484629758584, 
482, 190.006695468719, 215.27913049455543, 316.1592341863512, 72.55615250318785, 
483, 324.9651843988092, 122.92663253284357, 29.987266807940117, 94.6517517423711, 
484, 6.391412712632684, 82.29995143765663, 15.999158579542614, 237.71938573470564, 
485, 319.7737892645507, 74.2978203131866, 331.2409052115783, 93.73754627434108, 
486, 158.4556368421279, 236.29453154251541, 14.886613134635498, 101.80769221068176, 
487, 320.7035875017352, 43.63137962028375, 295.96778874191676, 95.23503364525119, 
488, 42.19456739894957, 104.46796284456502, 44.20101086388363, 182.4490469708507, 
489, 28.025943128674836, 110.0418754123207, 35.50710809052003, 244.7652133397005, 
490, 19.656468269452525, 123.92270087575614, 43.85711275958835, 194.37506656187082, 
491, 333.90875935269924, 100.62424953657101, 23.615841122563303, 222.53957853189956, 
492, 195.54787744651014, 218.10873823528942, 15.140410697544395, 98.17508799338334, 
493, 338.59740479125446, 47.81699601914855, 8.685036008437656, 184.90936369358724, 
494, 316.78206170051163, 60.39690035501846, 5.785311242090986, 110.38549977342024, 
495, 40.626945952219145, 112.28742531829695, 32.9946155354856, 215.53369766276023, 
496, 14.206874451921507, 131.41597591209282, 32.958176483883534, 221.74945124489568, 
497, 46.83320206433013, 120.8283016051896, 45.678950765831715, 221.83536462851586, 
498, 160.88865398239133, 205.019393063507, 303.9113997386342, 77.5367263711764, 
499, 122.07626115633191, 219.1175815099271, 6.961287166486814, 85.17345222329043, 
500, 298.9307977373953, 101.92410301447218, 3.7499865222447646, 125.30383692096676, 
501, 25.082861626573198, 67.73441478416368, 63.32713842163167, 229.67450896396323, 
502, 163.35502927114428, 227.94712743095454, 350.5498165964367, 116.30822102704929, 
503, 7.857400983494129, 112.51269139392933, 339.2382387966997, 57.670487465141925, 
504, 38.46948927899127, 102.50187910469123, 32.422311151309216, 164.7996364645838, 
505, 139.9610613875164, 208.2880988830069, 288.9096234334117, 112.32670459608889, 
506, 341.58571616668814, 95.19788580538196, 47.861041207530434, 175.75958783719915, 
507, 174.77272934212112, 215.33227220475553, 36.18865788667236, 117.48261332832566, 
508, 139.23845220285517, 248.7344845841781, 22.92420792101573, 55.59395489249622, 
509, 33.31339472856342, 160.34670618011344, 336.6140244280242, 118.91401809646416, 
510, 335.49093764019153, 70.22398508022222, 31.894848268289724, 230.00008793751857, 
511, 175.39163203855253, 237.52603352912743, 15.098915597699612, 138.25759779778082, 
512, 347.02214197760304, 87.7585690866773, 29.30697377835753, 183.006385588096, 
513, 195.20329526447438, 230.91596186573233, 17.292258638628724, 94.85928041767136, 
514, 154.82159888875964, 191.0745679796033, 343.27844422797995, 92.48372148258373, 
515, 347.44634258043317, 86.99953186620918, 40.53123490723579, 244.80049059050185, 
516, 35.95493259285595, 43.02038334139759, 35.30304044877157, 177.20229716319017, 
517, 30.610904971487642, 88.44587448983896, 7.575523625556508, 89.09536388125457, 
518, 130.44082582744775, 235.62796641084324, 341.59400778042215, 102.25552448039322, 
519, 348.4896226208514, 95.00144650094201, 8.925881214041933, 54.57390984058703, 
520, 333.43280719816335, 57.309089489739804, 49.10815798539103, 104.2017382407491, 
521, 320.82366184043104, 92.2810886288053, 4.297756548758745, 73.10630684511968, 
522, 177.9326328884166, 207.0274948893787, 29.79694462649196, 99.17152996348744, 
523, 172.1622884839904, 213.1967060995448, 343.3215346789227, 138.1624470222151, 
524, 338.7149806870165, 81.19309747137298, 320.66727763437973, 92.48717596920834, 
525, 175.97741100945981, 231.97738060245572, 91.66435872776404, 61.24500890054647, 
526, 34.54476463971683, 93.18648316458177, 336.76159745262066, 104.93497123805993, 
527, 20.096580818635644, 115.34185818435667, 346.5797027403942, 70.39692300780698, 
528, 25.91151830904058, 97.4497761105545, 46.670345821223336, 176.06401991423914, 
529, 25.0032881524398, 66.57609889222914, 41.75491292998901, 101.28592082977868, 
530, 43.113296202561784, 89.76377038625157, 35.05213498788261, 183.54698642381402, 
531, 157.98579583328828, 216.55551964285573, 286.2119103147344, 102.78091094149832, 
532, 22.58279728468799, 117.97607394180106, 298.33940186949764, 103.95217596232844, 
533, 332.2887729467483, 58.60412530154428, 52.91270127667268, 178.29656330527075, 
534, 327.97217163150333, 103.2240585413631, 34.07224556958175, 181.97913224330122, 
535, 311.54301686082874, 71.6357466250604, 338.00852394834203, 97.4448799835024, 
536, 32.26021240277791, 102.6170899418245, 50.84711645708768, 185.55262850976607, 
537, 349.3411021881216, 100.17538314950949, 348.38126981619916, 128.9217435965715, 
538, 43.274725157278034, 94.25391894653802, 4.804373144327307, 239.66496706765295, 
539, 348.4038258956764, 79.06052420078505, 58.352498706047484, 110.94521406541173, 
540, 309.6526235816399, 93.144920093352, 2.76498549371421, 166.07832097189134, 
541, 2.108236635986076, 89.2568008538278, 13.40397890025811, 166.40746368997864, 
542, 334.5459697198517, 65.83464349859719, 305.7567162864326, 113.75647519717589, 
543, 24.351984258652006, 130.05516678916317, 33.10796476540289, 143.98236002675173, 
544, 342.97717700934, 72.80281384295115, 329.52417810773693, 98.13990627009441, 
545, 10.143962932536152, 102.32040374935416, 7.347119351169908, 88.43753207936413, 
546, 138.7808246723625, 176.39530608615112, 24.552507527532335, 154.49116809589177, 
547, 337.69405329063756, 77.3614446807138, 62.90155489253347, 221.39630741086881, 
548, 157.1197649783591, 212.26556017791597, 4.950808517265408, 236.35140844259843, 
549, 313.6218197640614, 97.54560024048459, 0.724734914956354, 110.25722076618361, 
550, 153.6858600412743, 195.56337806885327, 12.237320898534671, 46.919137452176294, 
551, 338.12914639847077, 134.48365834629072, 314.992262118764, 136.73772297827648, 
552, 326.2697675838381, 122.38063551117243, 28.529181654556137, 77.10795431948624, 
553, 141.69744306627936, 201.9642176107061, 57.378884797996875, 163.88243213090666, 
554, 32.52294036437783, 117.1301020080722, 9.001643304552314, 180.19191900632615, 
555, 6.237764873351804, 65.48250470326842, 341.32343167756005, 44.750639316585264, 
556, 139.96913225222045, 199.99793809788497, 0.7440526683863933, 78.1298209116373, 
557, 109.0394093564552, 175.5902845913356, 289.5410645525139, 103.77898091816446, 
558, 333.438803280279, 55.2809121440348, 2.4610036854577437, 180.2493920836249, 
559, 138.26723159302233, 241.89239196948768, 307.80833913194186, 85.36391022911324, 
560, 26.288468776754666, 124.36872859140016, 29.938697853658162, 148.02202031284776, 
561, 160.06563827825087, 175.6028000009543, 14.623701226609342, 90.79247233193819, 
562, 16.106991770180365, 150.56671951639078, 2.578257566702076, 106.33678494124555, 
563, 336.2535969590908, 85.0457303908352, 40.03248050789978, 95.10255035585742, 
564, 14.989568996409783, 97.75497084240492, 31.49327031428883, 59.53674535147215, 
565, 15.890016849601409, 142.87623466972886, 10.41211710949445, 176.62447878248764, 
566, 336.66371326606526, 108.3867992310015, 306.5725893939988, 41.034375303973945, 
567, 156.32008763547887, 209.7996322740026, 318.90233873402786, 60.62604749070367, 
568, 329.49983352470605, 109.88772882853458, 349.87567505867344, 109.1478130050776, 
569, 324.54470953534724, 77.21464147238287, 25.43093287455516, 187.4421436144261, 
570, 340.6026621280808, 93.83645199155795, 16.74295412967175, 156.51914797963323, 
571, 334.1889060995178, 110.44660433007803, 5.067367792985858, 105.90599630049934, 
572, 349.54499384519096, 86.59751316647743, 285.08659558601124, 93.62342435703448, 
573, 294.6907390631473, 106.23365865701065, 345.4583771313586, 104.61961649176398, 
574, 73.8606146942038, 96.89919265372657, 74.46390471477757, 166.76647531548892, 
575, 337.34371218338833, 41.882470909298846, 37.24308397492484, 107.72508905225438, 
576, 138.31267065855366, 198.43766750688167, 0.16582778211638782, 117.57377441520833, 
577, 32.41856158838143, 142.30819265093606, 345.11660381589235, 62.16915298771069, 
578, 12.172802317590499, 117.04973408611754, 337.6587699800222, 96.54136274494059, 
579, 67.66617576316403, 75.02097232429355, 56.63403499142288, 188.23512228693198, 
580, 165.17779179790114, 193.79573982936319, 44.23026319585529, 178.3199313997614, 
581, 176.12558438756727, 234.9759881594046, 16.990944669653768, 209.00364415054582, 
582, 321.2754823102183, 114.75181280177443, 11.514105077429074, 75.12643105956903, 
583, 152.4666863453949, 224.92952637993417, 37.353449945039586, 224.75661508458322, 
584, 127.60460598972932, 233.7082032624495, 9.654581849345544, 178.68905852502627, 
585, 149.1670179288712, 181.72991256501268, 24.85966682972628, 139.73189424897154, 
586, 316.1953491462485, 92.30847848072972, 20.121335954662715, 98.9059295713744, 
587, 61.91977553709189, 66.72803991375166, 12.832211728310597, 116.35321770344716, 
588, 311.6885711814048, 119.26424581358587, 32.55785770692417, 48.871864333696294, 
589, 50.20337330518899, 111.10569388718335, 27.17937175051091, 98.02736733340483, 
590, 151.68730643102018, 220.4084521028223, 343.6792987870015, 72.65677179708659, 
591, 137.91876143802233, 220.06427956078775, 42.01985965319786, 66.69996872382181, 
592, 316.02176492894466, 112.75303459697984, 36.471354054568415, 211.45008858419823, 
593, 146.98983403338977, 183.01710050091867, 36.02639860217683, 138.30825793838062, 
594, 134.37431523288322, 210.2401826503623, 343.57276923054724, 26.687004450021576, 
595, 41.97842190753939, 84.93952953625204, 343.7354501910571, 109.36014691792434, 
596, 28.658199052724402, 95.33952258160143, 29.65314271077982, 97.55608604053218, 
597, 152.6308034264819, 217.7085147974904, 37.51221060467726, 103.32061688600884, 
598, 337.5464339554968, 89.06347685074476, 11.666307362575804, 136.97508199840365, 
599, 343.8661800903111, 72.90948909952273, 2.6577681869702126, 160.06029069258375, 
600, 156.2749529002081, 246.36894812950706, 335.74374825061057, 129.1843746692, 
601, 15.779254615932773, 86.96257786514063, 329.62370420505664, 95.29268571708614, 
602, 14.337001222754221, 76.78565865666947, 302.3512388039904, 86.71119068375336, 
603, 3.3935266437089915, 99.44375673862325, 333.6953472455859, 129.23462279909717, 
604, 347.48810271065355, 111.11085054896273, 32.41988040634972, 118.2582719831803, 
605, 341.97473736012967, 137.71829796488478, 61.785589118705076, 173.54606005120036, 
606, 347.1782582770812, 72.28606049388526, 7.49655286240787, 77.3457800248132, 
607, 159.727349221643, 249.2760266155122, 23.522939870154925, 153.21397154409223, 
608, 180.53462398647997, 215.17895428640088, 20.270787140463, 182.7896139653101, 
609, 296.8815367534753, 124.46786874189985, 343.5272725739148, 78.32966170767584, 
610, 327.5613270235178, 109.36606821781122, 55.42755674389649, 109.36685666523053, 
611, 331.79287242262507, 127.35928093688929, 18.283925663184085, 175.83019961021495, 
612, 9.765045608462945, 105.25896053882661, 331.08132963233567, 84.97896540576758, 
613, 191.51518899736286, 184.584912939359, 346.2188269034569, 122.51468158306896, 
614, 142.77486972614417, 170.03401311041569, 0.4859991265534429, 66.41949793303964, 
615, 3.4380747439269923, 85.5270023048082, 314.29885388834106, 134.87814728260565, 
616, 319.21785610973905, 116.19891562333451, 330.9690515141772, 99.41766269007212, 
617, 294.8817760281515, 75.51458097444905, 93.0167967604351, 187.5344850324886, 
618, 18.270625032027553, 110.55154512968089, 7.859642930628521, 108.29888878912446, 
619, 109.83900776375418, 185.67366159895178, 45.24618813403047, 76.9638233382884, 
620, 211.2807429768769, 214.719850409212, 3.9096245280152937, 109.70730651734529, 
621, 157.43785884887365, 221.1005569043837, 33.205829267775165, 154.02828352106178, 
622, 337.9727176464054, 103.66410626863401, 23.793174378789207, 87.09438909213327, 
623, 36.49148989717783, 123.38159326806495, 35.93499650822561, 229.6391737439327, 
624, 158.70423088104522, 236.58145224197935, 62.82093581892142, 157.57453573022156, 
625, 130.68070292554495, 242.05141498407528, 30.976777021808235, 161.66869174618955, 
626, 26.48451208969543, 80.46944281385227, 12.926736571445206, 74.4885188609461, 
627, 17.264418906859348, 130.7311618389559, 331.9828211831474, 114.46054272137803, 
628, 115.67393622622762, 193.30644972452234, 24.43724007299577, 183.75644088093705, 
629, 312.72073337939025, 123.65792151967568, 44.097601837515384, 155.97519753734622, 
630, 19.058541029438725, 89.87974772649217, 351.25971840765453, 113.19915058011289, 
631, 337.952950004485, 73.5270465014198, 45.29461321280961, 206.10970522761818, 
632, 130.4923898374615, 226.77781991116788, 346.73941511032893, 93.17458856600096, 
633, 338.15337647389214, 64.04063799433597, 349.3099854525924, 139.36990947715066, 
634, 12.601089279021949, 143.35683767407437, 58.919150038694646, 125.32999745205278, 
635, 20.641560993261496, 68.59390784306942, 50.025928563206136, 209.88021211887613, 
636, 22.22613095836079, 117.56571554272064, 13.059075934550869, 98.74271709165704, 
637, 321.4729325574656, 131.36430437309272, 54.448939037047126, 207.13053395829644, 
638, 131.11343184085916, 189.96996202456526, 5.744420838331845, 94.26455177970523, 
639, 12.873685642422908, 116.45406299005434, 25.439074144667906, 176.50488062931652, 
640, 312.23322673432125, 62.93328531575523, 41.16954263143373, 194.5265211089368, 
641, 320.66788245180277, 89.9628506293544, 27.523544655617723, 197.14141685048793, 
642, 0.34376380881725055, 87.13409197321255, 41.086375906663136, 113.94866228480451, 
643, 333.0015053060739, 67.20106266957188, 31.729712383274155, 101.01799726084667, 
644, 5.410512207091986, 97.4493637762404, 37.04901776752621, 184.68219760144643, 
645, 157.1078629749486, 230.38501565427816, 340.6954071759368, 94.66118877395238, 
646, 14.640216361777595, 118.24280250579982, 343.61697138183956, 112.07713314092983, 
647, 309.4442452273227, 87.38626440894052, 25.639732173865795, 99.09040752376758, 
648, 163.5652695874699, 237.8984723359248, 16.06696122911925, 71.68647964022156, 
649, 150.827243778469, 198.64596847964114, 27.595003844149556, 113.80372726954334, 
650, 349.41537996209627, 113.30332974555773, 32.91925225218389, 216.24059323060118, 
651, 16.011042632907397, 82.17190972676048, 349.47789865462227, 88.6913637927534, 
652, 315.7731781826585, 128.73750108080822, 334.11231137699224, 100.1590354171821, 
653, 331.9773116699768, 91.06328294133255, 16.235507172162944, 196.6742652053321, 
654, 347.2650447830012, 100.02424625086559, 18.222217689641646, 91.84204297974935, 
655, 334.0353344112477, 100.20926476074143, 37.61383838211395, 98.53082361150268, 
656, 52.47181693636277, 131.85985978288747, 15.1152590332368, 79.50191877687493, 
657, 126.07131317122457, 186.28939202195747, 329.257724388901, 82.23103709338557, 
658, 194.36646402433334, 210.17117013114716, 24.478873040137223, 52.14216258147329, 
659, 32.4111431457779, 106.12262057825824, 27.105694381571, 211.7715375539688, 
660, 176.00215612634258, 224.11609523815994, 342.8766730683308, 108.02505914338138, 
661, 110.38816092122661, 241.11135766511467, 317.14126580033576, 96.28103645982702, 
662, 328.458047560103, 88.60727285344451, 38.48549953006615, 119.91589967894373, 
663, 11.878696828502303, 97.52131092800192, 40.21726478020583, 189.3009514216588, 
664, 291.0455815082497, 104.32593208516072, 283.9083609749054, 106.71306874102063, 
665, 349.49117387779916, 57.53290425057008, 311.5733927131626, 53.382673419546656, 
666, 21.45131011707142, 106.34519406639374, 28.847009057709503, 81.51961802282564, 
667, 338.690855751673, 76.42445614727373, 14.905637239207088, 80.18544289158002, 
668, 42.16154105914234, 82.8848393948434, 49.52433176239866, 149.72505595477378, 
669, 229.27436933225448, 224.73749093869785, 340.45405608648207, 69.6394389439097, 
670, 318.5151174372451, 78.60100085071852, 12.164220038269374, 118.82517676743569, 
671, 296.2195123086617, 80.46319212845768, 40.300049568825784, 70.38268421893505, 
672, 21.467256872745686, 133.1993038992013, 278.7799136841711, 132.05485395502006, 
673, 79.94493004020717, 190.2893894604245, 325.3076716015856, 95.48791338914145, 
674, 335.74793396338663, 66.90960983660185, 10.6006049476707, 116.62702753736173, 
675, 170.6139304891059, 233.27945916339237, 21.46636614121374, 85.05781349936227, 
676, 44.27930159724029, 126.64509567077931, 38.16643117394098, 204.08679315214334, 
677, 191.7312701594242, 227.54973025893884, 78.28107965394156, 186.11241714165368, 
678, 335.4084627802613, 48.50173675822191, 321.26071537679684, 100.13427317091866, 
679, 37.165898052662676, 80.00171229091441, 9.05187554798416, 124.67001447127419, 
680, 174.16920027916152, 232.70169773478693, 291.4794706500723, 114.0068413696691, 
681, 292.0057204633314, 60.38274631985976, 322.12059003659493, 114.09191717392706, 
682, 43.63153866805576, 99.42254366439818, 334.59755734974556, 56.36143984048493, 
683, 170.81626848661196, 228.17665522802554, 317.8359806374668, 69.64690927023739, 
684, 318.84085419534745, 83.68853508296357, 345.4733094885528, 114.21681748349968, 
685, 9.52655053355159, 109.4863614257678, 4.568834595265028, 89.51114698385351, 
686, 20.92245922305556, 110.71123953450196, 331.4860038988219, 102.22392626479987, 
687, 132.00148669645264, 197.66063994214522, 88.30869353781634, 180.56958118848337, 
688, 8.628557416132432, 127.53514842562028, 329.44079890366925, 91.24239436674816, 
689, 0.1501522186629014, 72.62621766454953, 30.185208887038346, 94.0320038422808, 
690, 185.8338125720498, 230.4599502827298, 18.725053516336978, 90.51364196338052, 
691, 337.65616544653966, 85.14162100319058, 19.10785858322478, 111.60858937907486, 
692, 129.12018274521293, 196.33148972607026, 317.53481812300714, 62.871220969929425, 
693, 329.9606142299975, 73.26533245053577, 0.6484262909157277, 121.69146562366913, 
694, 161.07115284366847, 225.45992682824843, 28.75965328662206, 211.1250494346127, 
695, 22.223590460414556, 113.1536947171211, 41.31615052531172, 136.87205734732515, 
696, 337.6684595668659, 92.5862563395394, 34.36844237074442, 135.00759102544058, 
697, 153.98126170934256, 171.03627612158652, 27.91977803912528, 184.43917107506434, 
698, 330.59418255011406, 109.4415477530613, 305.32820892990765, 136.98997132967972, 
699, 26.999593253579135, 79.42734467611575, 1.6117177839454335, 206.89029883236373, 
700, 138.64799093710988, 222.14879933585962, 6.9376375727137685, 187.63465867125458, 
701, 35.71273498290023, 95.6653549037153, 23.42336492633061, 119.45884327067904, 
702, 14.596089082822768, 115.24057455319345, 344.8805399721227, 102.49468116748059, 
703, 17.25087786275779, 162.64860829345648, 6.137823860269979, 105.29075622049726, 
704, 324.60511263636977, 118.41444284357351, 54.932872034191725, 212.27724191636307, 
705, 20.760828621162048, 114.7861767888539, 33.28307569024938, 186.94014342847333, 
706, 136.77825366109712, 224.3427963246756, 33.561889415717985, 205.60887195713482, 
707, 329.3511856225402, 77.03813854913486, 7.409668088540123, 172.13234706006958, 
708, 71.43000978967518, 50.866958790714946, 338.6719638185598, 71.85741158505377, 
709, 33.0173349615165, 140.22657116349205, 27.33987170573424, 149.29660657816405, 
710, 20.65416065085077, 97.74393898239143, 51.01580726937236, 196.5190651745595, 
711, 136.262536342399, 192.53573181111676, 47.66679595531049, 104.36015033152457, 
712, 296.3419515543292, 84.62943872264115, 313.4724595950427, 103.12957670004924, 
713, 318.40819563247817, 84.02469371114101, 53.15254265063123, 192.61981648127605, 
714, 5.657461008289021, 133.94359514940658, 25.436762980729316, 181.37798888662329, 
715, 169.3540152454704, 200.63852578072937, 8.29829913711627, 155.98419142009956, 
716, 0.3137336875359189, 92.46828807849187, 320.39147152302553, 125.86759644925434, 
717, 341.2469489949231, 90.27064817590814, 62.98074811713377, 186.34690684113662, 
718, 178.70876451727815, 197.2287405590337, 26.47537544975289, 212.93791681647255, 
719, 299.25845984829255, 81.06521520642225, 23.91502699983776, 188.09241329153394, 
720, 350.7464216824098, 88.02249816677768, 319.6136079622291, 91.1758368166744, 
721, 167.19703477936886, 221.24643166499555, 349.0467374063389, 78.57847304219746, 
722, 26.344328817253313, 103.01066404634332, 39.66659934468701, 115.65886355625472, 
723, 164.21147297310694, 211.67970587869476, 32.68060678234319, 98.26763991062701, 
724, 36.50710845550934, 139.45054930815553, 19.72041624565425, 177.707024163039, 
725, 162.82091143981893, 211.84203844604204, 104.04150537417789, 156.8792658501486, 
726, 0.16420628107002244, 66.58814528372419, 0.737283312957512, 217.0480175881917, 
727, 27.679708355115796, 77.2763761199066, 46.410285092406795, 182.3499159447672, 
728, 347.445014580152, 56.994591589805744, 73.66821176652164, 155.59588878192275, 
729, 124.86720319127853, 222.53517866670526, 48.382671943305105, 120.22788028676112, 
730, 183.70089451061796, 242.69246994969745, 310.6193611122817, 104.89052144918915, 
731, 135.83900365669453, 212.30771806582496, 38.419674059596595, 91.68514482104773, 
732, 16.41832931235283, 127.74965397702758, 330.06627797952433, 94.55181634696768, 
733, 3.4348579762919877, 84.1730195489551, 2.8729561105786106, 79.53311318355968, 
734, 13.949182248624187, 134.04838046193163, 319.81895297405396, 120.28521677930948, 
735, 155.56157910021517, 217.79061192002112, 37.873704724056196, 179.40275280529627, 
736, 152.18828677304177, 243.46867189205776, 337.58385361218666, 102.52331676784964, 
737, 23.182256946316734, 101.43312248712114, 92.99667910947642, 233.63623766086786, 
738, 63.080898732017246, 140.41319873590982, 349.5053692901276, 89.02082769346626, 
739, 9.925143047753739, 126.1975601933176, 313.0180382295149, 108.37370903902725, 
740, 301.3265578643252, 64.68574425257466, 61.38290691996475, 181.66812986659903, 
741, 44.57458741290265, 116.90216462391399, 30.099722833947386, 107.5744134466734, 
742, 343.00142323241795, 90.50398520226558, 11.554458173599269, 111.62486804450027, 
743, 7.535336221653479, 99.06142265174502, 334.62884872765835, 100.70360395448805, 
744, 190.7899356883068, 229.44397924326796, 316.7538384246696, 117.11116241927661, 
745, 153.2977938946853, 170.48586022327652, 17.041095845831023, 173.42118797028087, 
746, 24.298179818278946, 73.46258186042394, 9.213873150157768, 73.57459495937968, 
747, 122.38458506183824, 219.22659356815103, 29.41337199434426, 99.05962994788088, 
748, 154.81822491249318, 237.410966834786, 22.744811487480952, 180.89492340017628, 
749, 30.564900283211276, 40.60952267562668, 16.448061592860633, 214.8301751410707, 
750, 346.9574021549373, 56.60562795646246, 24.724989686420543, 106.85084609117864, 
751, 19.160387341905157, 102.170582461254, 335.5540416775677, 56.93747128517325, 
752, 130.00215942148338, 214.49810550449112, 324.3385217146916, 80.30345819645345, 
753, 324.3240841968639, 37.730443285353054, 4.170512549623226, 180.01756506113918, 
754, 65.4827237672713, 105.94357120848393, 38.622566808746825, 144.96290503671645, 
755, 339.1645795041355, 123.48137614777377, 16.344357769143826, 77.08670371400535, 
756, 123.92176254911611, 198.5730452832209, 14.088492510115321, 46.88919661596177, 
757, 9.262500518020511, 151.64676234764588, 45.35441800980034, 186.64482788085124, 
758, 182.4037466881971, 235.41148281565387, 332.5781447267379, 80.8679488272836, 
759, 39.62176410484149, 108.6214026585894, 4.261358293585609, 109.70070267553419, 
760, 124.8490785519902, 199.4612543599217, 25.734811784813537, 117.46517572482051, 
761, 174.0011935287482, 209.5875229390827, 43.33372913509089, 238.0924994119392, 
762, 349.42232862096176, 71.37395954603272, 57.845262265631405, 179.05693394686824, 
763, 171.98474854783424, 235.88561316384988, 6.398779733275518, 121.03062366134829, 
764, 23.100213376845225, 74.88619255018682, 50.28788299973112, 211.6138833580249, 
765, 166.9365542336603, 221.29550973706054, 336.96393296472513, 133.39853948145122, 
766, 134.36107412226866, 244.80342071296263, 294.5737611388281, 69.2386066926757, 
767, 160.56450930682206, 233.68701430261663, 331.52736497693144, 141.78722469749874, 
768, 148.492811659022, 226.9520261991986, 332.51450460594594, 92.99289042843472, 
769, 1.211186696815684, 108.40413355574364, 16.26134103697722, 190.75973353300006, 
770, 306.9381172948892, 98.40249086039559, 341.3294971277321, 85.45804128249334, 
771, 9.994168364662379, 67.82513222845994, 9.25644542398529, 144.03623021550388, 
772, 322.23107117725095, 112.2992573466394, 6.790671881689668, 105.69177233401946, 
773, 346.398185644187, 65.16013725057232, 319.8706967485548, 118.89352037729752, 
774, 4.373658224766462, 86.80878780959111, 322.8437163003796, 114.27644710199121, 
775, 185.1136378734928, 223.66101926195626, 27.727141552727257, 173.72983092065337, 
776, 143.6010582696433, 211.29884050893452, 32.447284301734854, 77.66903789311722, 
777, 16.17261220008366, 48.98514310523146, 31.157329865536703, 97.61852510675868, 
778, 320.7085947735555, 100.62038640851254, 347.7802253043316, 132.27069125847015, 
779, 26.24545411336971, 139.54615573912497, 73.95453722591705, 167.3979327885444, 
780, 115.62038801706899, 232.52480580449867, 0.681030885619407, 93.89980318808743, 
781, 15.052949024628075, 84.78199356615923, 297.0573428213275, 164.86507002096016, 
782, 337.95318460237337, 100.81793808680997, 42.142698983109284, 90.4504430578987, 
783, 349.50041739643257, 52.20505554837406, 18.80935819147814, 82.637837370376, 
784, 155.60630552414204, 178.03279092928358, 324.21421454822524, 90.24817429817739, 
785, 337.25463796780184, 142.95740846676233, 9.704246829749914, 148.45931749699156, 
786, 29.316851052726058, 121.68148448499564, 10.739214265975988, 227.72231060894939, 
787, 148.79138440550452, 204.79746857620776, 347.54621684491735, 111.25632714085178, 
788, 165.06769141073323, 205.13375575698987, 12.400780434359419, 78.04222110753247, 
789, 3.9275789808333235, 104.25293051726716, 42.55884228144883, 103.94633273917883, 
790, 28.331324435064992, 77.40298399516706, 2.2529716607508945, 130.6782735155018, 
791, 125.79794705838555, 231.92670230892162, 318.47950905719176, 117.11611718388946, 
792, 337.4122871745216, 57.4555916326307, 38.24955889872418, 202.01600917023816, 
793, 7.616186299440261, 100.40156628518282, 27.916713851657377, 189.57646105856435, 
794, 183.10896874989598, 215.69498018257792, 47.04260362150336, 202.79713710361577, 
795, 163.4149130141706, 230.1173863903575, 7.867540203710444, 197.96882176015328, 
796, 317.6426229878299, 81.26525553871899, 8.354755960228646, 59.939781653246726, 
797, 59.281417036578425, 105.88511433860357, 29.470984314983696, 102.5123976859869, 
798, 334.33368315849435, 75.66964032223756, 281.9637758048727, 89.99925667940322, 
799, 37.485017113582515, 76.12935449115868, 325.2288175435401, 62.65925309234214, 
800, 6.538686889364192, 90.41304284094731, 31.58659820178451, 214.17406415396164, 
801, 56.07876742640636, 73.30602347143883, 56.17886286178865, 158.87931575100689, 
802, 139.69320613488642, 209.91352041447996, 7.8988775656014685, 147.9890501301442, 
803, 326.7536365390045, 76.66656419653708, 30.66801232379894, 169.2029675363997, 
804, 76.4056013140895, 105.15188334298962, 28.435848344844622, 99.37866964072101, 
805, 30.448098107308407, 135.52754666643932, 9.148470359662564, 72.77749071343214, 
806, 339.62069507068037, 63.16856956406119, 62.235053818052045, 191.32137673333813, 
807, 121.66017935903852, 244.9189910704954, 11.38529689567167, 157.43524153695688, 
808, 124.89193219463466, 195.0452067942034, 290.6974995524813, 113.2014573225876, 
809, 152.51453021822408, 233.47903185285492, 332.43446852276423, 86.7128745002921, 
810, 3.5114742917196686, 79.89908448320163, 40.569924336315545, 161.4797784645277, 
811, 189.62051318372545, 236.1991947752472, 12.520266296955898, 110.83720654166156, 
812, 344.77811115234135, 61.0409727295805, 38.4457376176415, 41.37082862391198, 
813, 307.06430760903584, 125.15998133665961, 33.15764447427006, 104.25578597755235, 
814, 29.01412008577492, 108.95650437904153, 9.104374977062507, 61.91271116579997, 
815, 338.0017864136944, 79.80612706758959, 14.123158818833817, 194.4446527307252, 
816, 6.45756813612821, 107.48198461282693, 13.419717629600338, 208.1000424723728, 
817, 312.57761533161687, 73.26050193636961, 53.7352229557729, 194.5514947766017, 
818, 322.04623868708785, 49.99901787019841, 279.7383185586714, 84.80491780801191, 
819, 1.2005973020946765, 85.99274011301733, 332.89911383171165, 75.30649087786364, 
820, 46.35197682894015, 101.87104340585498, 29.551908919928444, 93.66961907820448, 
821, 334.97970967640646, 70.40352410023883, 48.831840398750664, 113.2180599780118, 
822, 315.46961116503394, 75.26012167634107, 16.5640250572105, 126.30847190076994, 
823, 137.22684546919342, 239.36820797667906, 340.2145049348379, 154.24513973226559, 
824, 129.66010007263733, 206.95896225073452, 33.431667117333255, 150.8601569052502, 
825, 289.15643322846233, 104.58903941478454, 39.27851974642999, 207.00417195630732, 
826, 20.43539015552477, 82.88469965665679, 24.054087239401596, 120.8318262075176, 
827, 310.5357025598658, 75.274854035217, 6.125955843062632, 111.39626672413576, 
828, 146.28084619415802, 222.40010512424425, 20.819741400548278, 85.82270974439895, 
829, 122.26306115909637, 206.3120474830142, 41.184713189125176, 217.16759809805842, 
830, 325.165976862438, 82.91073321316307, 25.25211285930786, 144.5234818522419, 
831, 169.27092401012342, 226.0792053850623, 33.75807026639863, 139.66078727480644, 
832, 20.70963085692629, 150.39697494214283, 314.08549977963435, 113.94848015002789, 
833, 170.7837764496192, 232.1993170665751, 30.716178117825674, 208.7084746590122, 
834, 303.7527034666484, 79.1126306347887, 63.763920389499084, 158.91478541940296, 
835, 7.563262038365134, 97.21957369564959, 4.410230913236145, 107.12996786717663, 
836, 15.998114976080956, 104.54624025892605, 32.37668647093608, 139.0387341339926, 
837, 109.51600042756144, 207.22398841049727, 34.8027660815572, 180.40738882165067, 
838, 129.65513791921734, 183.77205973157675, 0.4145533979351974, 77.81974555103677, 
839, 44.03362078229899, 96.74045515855323, 67.4272053117524, 171.67994747902773, 
840, 184.81296123585682, 245.93964167626586, 345.3547160983362, 78.97482876053888, 
841, 317.84181002591043, 120.03778350910332, 31.598430859488413, 168.30689205687335, 
842, 351.27774555324555, 74.40764925793059, 31.804104750142457, 143.48666507075708, 
843, 312.4220454063573, 65.5419507141996, 345.0424128330862, 121.89008595592043, 
844, 312.85115352895326, 69.89221701922193, 28.718905942842156, 205.8240962348884, 
845, 325.1206223542688, 119.82384372299776, 39.88455980023692, 92.90490507152195, 
846, 9.215697472939407, 120.17510521136649, 54.19966536980325, 191.15432583569049, 
847, 45.66446788935444, 128.3137984865308, 12.238863013655475, 63.85082297143429, 
848, 8.574489653463985, 116.47879338887705, 328.15992690194423, 103.04476720129094, 
849, 128.02098427912313, 214.22245981017508, 330.72217130761055, 88.48484117818333, 
850, 20.204882110582812, 149.40453932070403, 37.47434526665663, 123.57103049543474, 
851, 148.17200885129506, 187.5655086010815, 304.81190488041455, 82.89570962921348, 
852, 46.20630484488999, 154.3972294007646, 349.4670031510728, 128.82021612655177, 
853, 302.75351245117645, 107.48651328147653, 50.23783882514404, 230.52332438522893, 
854, 150.47305259705487, 217.94914617136288, 31.903578113470182, 178.08025639091667, 
855, 325.31397475935233, 66.49616537688343, 28.593612341868194, 146.53350129620281, 
856, 340.77045515831486, 81.61323034530577, 339.9065777518939, 92.46274201904872, 
857, 338.027055653597, 102.83664799008098, 2.52786001610227, 209.43524258029424, 
858, 340.80442438970664, 78.64684199339236, 333.58903646847574, 58.164136754935335, 
859, 160.52295710439142, 226.16505465653336, 292.6824456212521, 95.88454956854447, 
860, 298.6769736642468, 45.20074589764447, 312.1980246997098, 89.88912298648528, 
861, 313.66709399432693, 87.13812384779004, 7.934951787724085, 108.70722034920607, 
862, 187.96898342408952, 190.720988463748, 78.99269122717293, 90.8555918853743, 
863, 7.945713717735527, 99.82782019025231, 3.825638126908399, 84.91726601840213, 
864, 25.659577050797857, 95.48200531528617, 30.411978565130894, 162.62949747512346, 
865, 174.59090489472948, 217.85962614423755, 12.976075515438573, 209.66179034255933, 
866, 107.88706861437794, 240.16409419740648, 301.325063501171, 92.38045593047462, 
867, 348.6572510887547, 130.87079021690107, 7.885015181860664, 105.50332262346919, 
868, 292.07088461510955, 67.94367070672973, 8.53927374516582, 90.91778409361251, 
869, 5.601257483041979, 135.42228406506737, 327.045523712883, 98.86520852825379, 
870, 22.08191651329384, 102.7113417194438, 324.9518095714465, 59.19512435591267, 
871, 304.49132919454155, 67.903739899212, 24.117050756145026, 140.70777649085812, 
872, 3.827408095900707, 129.00447280201956, 1.9888054633136463, 69.49285984122024, 
873, 150.46979479435643, 205.15556380553332, 336.3156250353668, 91.91474977113357, 
874, 38.70074480880754, 114.92356529812128, 3.875986206742602, 94.64982906229916, 
875, 57.073550662009616, 144.0128697858606, 82.53996572346936, 202.98875515078268, 
876, 2.0891788746040696, 100.51057545414902, 11.08930402892787, 204.35257565034797, 
877, 337.4656842665339, 114.35812437260194, 19.827968236223334, 93.74527965508094, 
878, 124.62935230663898, 204.94170366042846, 14.07202611106554, 130.16737852236088, 
879, 130.23692445417308, 197.31749696186682, 346.48414911702974, 91.19877011669726, 
880, 134.90401118009623, 191.26114841857205, 318.81669543022207, 39.759417667444644, 
881, 343.16622388131117, 103.19981273515992, 27.24666733805934, 190.3817903846152, 
882, 0.3021962668461846, 110.9087242275995, 330.6984846988091, 148.94065725959572, 
883, 139.92029232876166, 243.73513809483046, 333.8186857599192, 83.8991728590075, 
884, 106.74309846124785, 234.71856017018766, 20.27992726636875, 196.96682425374163, 
885, 10.273856925282237, 62.14426821275698, 308.5489419195777, 90.47301976159977, 
886, 165.20391069001604, 247.87405807368506, 316.3674409118957, 96.68679687690667, 
887, 6.045898871785756, 89.99554490007874, 39.95312490907533, 189.67193019881404, 
888, 126.07104754311474, 245.34930385280404, 6.724183303554867, 53.27558411760137, 
889, 328.53294536386505, 138.86906360052885, 27.43327649139131, 153.89012125627846, 
890, 34.86024716203795, 82.09468399072335, 350.7155683986963, 138.810642683368, 
891, 336.7216093164833, 121.60185936683567, 336.02031235485407, 85.81259834278076, 
892, 191.2126002567045, 181.2496452660463, 41.0520813338206, 179.32350109642528, 
893, 345.31995543511135, 113.34376368745652, 42.24610794500227, 210.53877627399223, 
894, 16.70828114898363, 72.54791332339806, 35.435141507921784, 201.07711663096356, 
895, 322.07707220542017, 82.42602042574052, 25.815917964202345, 105.4958123750869, 
896, 344.3768945825466, 60.530788583317516, 23.666244790570012, 222.7813389898327, 
897, 28.294763780341682, 127.58760384909328, 336.8528013622178, 106.11711252464644, 
898, 2.3066615776508383, 78.79971671324984, 59.44874857364827, 170.5332900475518, 
899, 331.1365491272812, 66.41611046645544, 22.888640076763572, 109.98805807084496, 
